class,top_words
politics,"umutekano, perezida, polisi, perezida kagame, jenoside, rib, igisirikare, leta, ingabo, igihugu"
sport,"ikipe, umukino, abakinnyi, mukino, imikino, amakipe, shampiyona, mikino, sports, rayon"
economy,"amafaranga, imari, ubucuruzi, banki, ubukungu, isoko, ibiciro, yanditswe, inguzanyo, abacuruzi"
health,"ubuzima, bitaro, muganga, ibitaro, abaganga, minisiteri ubuzima, ubwanditsimuhaburarw, ebola, dr, yanditswe ubwanditsimuhaburarw"
entertainment,"indirimbo, umuhanzi, filime, uzwi, nyampinga, muhanzi, gitaramo, miss, umuziki, abahanzi"
history,"abatutsi, intambara, perezida, ubutegetsi, jenoside, amateka, ingabo, witwaga, ruganzu, views"
technology,"ikoranabuhanga, internet, koranabuhanga, mudasobwa, facebook, telefone, porogaramu, isanzure, google, kirere"
tourism,"pariki, mukerarugendo, ubukerarugendo, rdb, ingagi, gusura, parike, bukerarugendo, nyungwe, abakerarugendo"
culture,"umuco, igitabo, umwami, gakondo, amateka, nyarwanda, bati, inka, kinyarwanda, ingoma"
fashion,"imideli, fashion, imyambaro, imyenda, abanyamideli, umunyamideli, miss, imideri, miss rwanda, fashion week"
religion,"imana, itorero, adepr, yesu, rusengero, amatorero, kiliziya, pasiteri, papa, abayoboke"
environment,"ibidukikije, ubushyuhe, amashyamba, imvura, inyamaswa, hegitari, kubungabunga, isuri, bidukikije, ikirere"
education,"abanyeshuri, kwiga, kaminuza, kurota, amashuri, ishuri, banyeshuri, bwizacom, mashuri, rurimi"
relationship,"umugabo, umukobwa, umukunzi, umugore, urukundo, umusore, mukobwa, abagabo, imibonano, umukunzi wawe"
